cable_id;name;diameter;section;dilatation_coefficient;young_modulus;linear_mass;temperature_reference;section_conductor;stress_strain_a0;stress_strain_a1;stress_strain_a2;stress_strain_a3;stress_strain_a4;section_heart;stress_strain_b0;stress_strain_b1;stress_strain_b2;stress_strain_b3;stress_strain_b4;electric_resistance_20;linear_resistance_temperature_coef;has_magnetic_heart;diameter_heart;emissivity;solar_absorption;radial_thermal_conductivity;is_polynomial;is_bimetallic;rts_cable;rts_layer_1;nb_strand_layer_1;rts_layer_2;nb_strand_layer_2;rts_layer_3;nb_strand_layer_3;rts_layer_4;nb_strand_layer_4;rts_layer_5;nb_strand_layer_5;rts_layer_6;nb_strand_layer_6;rts_layer_7;nb_strand_layer_7;rts_layer_8;nb_strand_layer_8;safety_coefficient
199EDA7149D26614E043C0C46D2E6614;ACIER 60 N;10.0;60.0;1.15e-05;170000;0.495;15;60.0;0;170000.0;0;0;0;0.0;0;0;0;0;0;1.4837;0.0045;False;0.0;0.8;0.9;1;False;False;64800;4398.0;12.0;4398.0;6.0;0.0;;0.0;;0.0;;0.0;;0.0;;4398.0;1.0;1.5
199EDA7149D16614E043C0C46D2E6614;ACIER 48,3 N;9.0;48.3;1.15e-05;170000;0.384;15;48.3;0;170000.0;0;0;0;0.0;0;0;0;0;0;1.8317;0.0045;False;0.0;0.8;0.9;1;False;False;52200;3562.0;12.0;3562.0;6.0;0.0;;0.0;;0.0;;0.0;;0.0;;3562.0;1.0;1.5
199EDA7149D76614E043C0C46D2E6614;ACIER 181,6 R;17.5;181.6;1.15e-05;170000;1.489;15;181.6;0;170000.0;0;0;0;0.0;0;0;0;0;0;0.4888;0.0045;False;0.0;0.8;0.9;1;False;False;247700;8099.0;18.0;8099.0;12.0;8099.0;6.0;0.0;;0.0;;0.0;;0.0;;80990.0;1.0;1.5
199EDA7149D66614E043C0C46D2E6614;ACIER 148,1 R;15.75;148.1;1.15e-05;170000;1.214;15;148.1;0;170000.0;0;0;0;0.0;0;0;0;0;0;0.5981;0.0045;False;0.0;0.8;0.9;1;False;False;206600;12469.0;12.0;12469.0;6.0;0.0;;0.0;;0.0;;0.0;;0.0;;124690.0;1.0;1.5
199EDA7149D56614E043C0C46D2E6614;ACIER 130 R;14.75;130.0;1.15e-05;170000;1.07;15;130.0;0;170000.0;0;0;0;0.0;0;0;0;0;0;0.682;0.0045;False;0.0;0.8;0.9;1;False;False;181400;11278.0;12.0;11278.0;6.0;0.0;;0.0;;0.0;;0.0;;0.0;;112780.0;1.0;1.5
199EDA7149D46614E043C0C46D2E6614;ACIER 120 R;14.25;120.0;1.15e-05;170000;0.98;15;120.0;0;170000.0;0;0;0;0.0;0;0;0;0;0;0.7303;0.0045;False;0.0;0.8;0.9;1;False;False;167400;10526.0;12.0;10526.0;6.0;0.0;;0.0;;0.0;;0.0;;0.0;;105260.0;1.0;1.5
199EDA7149D36614E043C0C46D2E6614;ACIER 100 R;13.0;100.0;1.15e-05;170000;0.82;15;100.0;0;170000.0;0;0;0;0.0;0;0;0;0;0;0.8779;0.0045;False;0.0;0.8;0.9;1;False;False;139500;8760.0;12.0;8760.0;6.0;0.0;;0.0;;0.0;;0.0;;0.0;;87600.0;1.0;1.5
199EDA7149D96614E043C0C46D2E6614;ACIER 80 R;11.6;80.0;1.15e-05;170000;0.66;15;80.0;0;170000.0;0;0;0;0.0;0;0;0;0;0;1.1026;0.0045;False;0.0;0.8;0.9;1;False;False;111600;6975.0;12.0;6975.0;6.0;0.0;;0.0;;0.0;;0.0;;0.0;;69750.0;1.0;1.5
199EDA7149D86614E043C0C46D2E6614;ACIER 70 R;10.8;70.0;1.15e-05;170000;0.575;15;70.0;0;170000.0;0;0;0;0.0;0;0;0;0;0;1.272;0.0045;False;0.0;0.8;0.9;1;False;False;97700;6229.0;12.0;6229.0;6.0;0.0;;0.0;;0.0;;0.0;;0.0;;62290.0;1.0;1.5
4676E37B51F011DB968F0002A5291888;ACIER 60 R;10.0;60.0;1.15e-05;170000;0.495;15;60.0;0;170000.0;0;0;0;0.0;0;0;0;0;0;1.4837;0.0045;False;0.0;0.8;0.9;1;False;False;83400;5341.0;12.0;5341.0;6.0;0.0;;0.0;;0.0;;0.0;;0.0;;53410.0;1.0;1.5
199EDA7149DE6614E043C0C46D2E6614;ASTER 1600;52.0;1595.9;2.3e-05;50500;4.602;15;1595.9;0;50500.0;0;0;0;0.0;0;0;0;0;0;0.0206;0.0036;False;0.0;0.8;0.9;1;False;False;502700;3958.0;36.0;3958.0;30.0;3958.0;24.0;3958.0;18.0;3958.0;12.0;3958.0;6.0;0.0;;3958.0;1.0;1.5
199EDA7149DC6614E043C0C46D2E6614;ASTER 1144;44.0;1143.51;2.3e-05;52500;3.278;15;1143.51;0;52500.0;0;0;0;0.0;0;0;0;0;0;0.0292;0.0036;False;0.0;0.8;0.9;1;False;False;360200;3958.0;30.0;3958.0;24.0;3958.0;18.0;3958.0;12.0;3958.0;6.0;0.0;;0.0;;3958.0;1.0;1.5
199EDA7149E56614E043C0C46D2E6614;ASTER 851;37.95;850.66;2.3e-05;52500;2.439;15;850.66;0;52500.0;0;0;0;0.0;0;0;0;0;0;0.0391;0.0036;False;0.0;0.8;0.9;1;False;False;276500;3038.0;30.0;3038.0;24.0;3038.0;18.0;3038.0;12.0;3038.0;6.0;0.0;;0.0;;3038.0;1.0;1.5
5D54ED4322A84F608FECB19A5439B944;ASTER 570 RUGOSITE MODIFIEE;31.05;570.22;2.3e-05;54000;1.615;15;570.22;0;54000.0;0;0;0;0.0;0;0;0;0;0;0.0583;0.0036;False;0.0;0.8;0.9;1;False;False;185300;3038.0;24.0;3038.0;18.0;3038.0;12.0;3038.0;6.0;0.0;;0.0;;0.0;;3038.0;1.0;1.5
199EDA7149E46614E043C0C46D2E6614;ASTER 570;31.05;570.22;2.3e-05;54000;1.615;15;570.22;0;54000.0;0;0;0;0.0;0;0;0;0;0;0.0583;0.0036;False;0.0;0.8;0.9;1;False;False;185300;3038.0;24.0;3038.0;18.0;3038.0;12.0;3038.0;6.0;0.0;;0.0;;0.0;;3038.0;1.0;1.5
947DBFBF82994D018FD7A69B32ABC05C;OPPC ASTER 570 FU 48;31.65;570.22;2.3e-05;56000;1.63;15;566.7;0;56000.0;0;0;0;0.0;0;0;0;0;0;0.058;0.0036;False;0.0;0.8;0.9;1;False;False;185000;;;;;;12.0;;6.0;;;;;;;;;1.5
199EDA7149E36614E043C0C46D2E6614;ASTER 475;28.35;475.38;2.3e-05;54300;1.384;15;475.38;0;54300.0;0;0;0;0.0;0;0;0;0;0;0.0706;0.0036;False;0.0;0.8;0.9;1;False;False;154500;2533.0;24.0;2533.0;18.0;2533.0;12.0;2533.0;6.0;0.0;;0.0;;0.0;;2533.0;1.0;1.5
199EDA7149E26614E043C0C46D2E6614;ASTER 366;24.85;366.22;2.3e-05;57000;1.023;15;366.22;0;57000.0;0;0;0;0.0;0;0;0;0;0;0.0905;0.0036;False;0.0;0.8;0.9;1;False;False;115350;3118.0;18.0;3118.0;12.0;3118.0;6.0;0.0;;0.0;;0.0;;0.0;;3118.0;1.0;1.5
7076E9D1D6464B52BA8A533039FE38E6;OPPC ASTER 366 FU 48;24.85;375.7;2.3e-05;57000;1.067;15;367.8;0;57000.0;0;0;0;0.0;0;0;0;0;0;0.09;0.0036;False;0.0;0.8;0.9;1;False;False;115000;;;;;;;;;;;;;;;;;1.5
199EDA7149E16614E043C0C46D2E6614;ASTER 288;22.05;288.34;2.3e-05;57000;0.805;15;288.34;0;57000.0;0;0;0;0.0;0;0;0;0;0;0.115;0.0036;False;0.0;0.8;0.9;1;False;False;93700;2533.0;18.0;2533.0;12.0;2533.0;6.0;0.0;;0.0;;0.0;;0.0;;2533.0;1.0;1.5
9DDD8378945B41B7A0CD2819587279FF;OPPC ASTER 288 FU 48;22.05;296.1;2.3e-05;57000;0.833;15;287.8;0;57000.0;0;0;0;0.0;0;0;0;0;0;0.116;0.0036;False;0.0;0.8;0.9;1;False;False;93700;;;;;;;;;;;;;;;;;1.5
199EDA7149E06614E043C0C46D2E6614;ASTER 228;19.6;227.83;2.3e-05;57000;0.636;15;227.83;0;57000.0;0;0;0;0.0;0;0;0;0;0;0.146;0.0036;False;0.0;0.8;0.9;1;False;False;74050;2001.0;18.0;2001.0;12.0;2001.0;6.0;0.0;;0.0;;0.0;;0.0;;2001.0;1.0;1.5
199EDA714A176614E043C0C46D2E6614;OPPC ASTER 228 FU 48;20.2;236.98;2.3e-05;57000;0.67;15;227.5;0;57000.0;0;0;0;0.0;0;0;0;0;0;0.146;0.0036;False;0.0;0.8;0.9;1;False;False;74100;;;;;;;;;;;;;;;;;1.5
199EDA7149DF6614E043C0C46D2E6614;ASTER 181,6;17.5;181.62;2.3e-05;57000;0.517;15;181.62;0;57000.0;0;0;0;0.0;0;0;0;0;0;0.183;0.0036;False;0.0;0.8;0.9;1;False;False;59000;1595.0;18.0;1595.0;12.0;1595.0;6.0;0.0;;0.0;;0.0;;0.0;;1595.0;1.0;1.5
199EDA7149DD6614E043C0C46D2E6614;ASTER 148;15.75;148.01;2.3e-05;60000;0.417;15;148.01;0;60000.0;0;0;0;0.0;0;0;0;0;0;0.224;0.0036;False;0.0;0.8;0.9;1;False;False;48100;2533.0;12.0;2533.0;6.0;0.0;;0.0;;0.0;;0.0;;0.0;;2533.0;1.0;1.5
199EDA71498C6614E043C0C46D2E6614;ASTER 117;14.0;117.0;2.3e-05;60000;0.337;15;116.98;0;60000.0;0;0;0;0.0;0;0;0;0;0;0.283;0.0036;False;0.0;0.8;0.9;1;False;False;38020;2001.0;12.0;2001.0;6.0;0.0;;0.0;;0.0;;0.0;;0.0;;2001.0;1.0;1.5
199EDA7149EB6614E043C0C46D2E6614;AZALEE 707;32.4;706.7;2.3e-05;54000;2.017;15;706.7;0;54000.0;0;0;0;0.0;0;0;0;0;0;0.0475;0.0036;False;0.0;0.8;0.9;1;False;False;222600;3802.0;24.0;3919.0;18.0;3206.0;12.0;3206.0;6.0;0.0;;0.0;;0.0;;3206.0;1.0;1.5
199EDA7149EA6614E043C0C46D2E6614;AZALEE 666;31.5;665.92;2.3e-05;54000;1.9;15;665.92;0;54000.0;0;0;0;0.0;0;0;0;0;0;0.0504;0.0036;False;0.0;0.8;0.9;1;False;False;211600;3610.0;24.0;3724.0;18.0;3038.0;12.0;3038.0;6.0;0.0;;0.0;;0.0;;3038.0;1.0;1.5
199EDA7149E96614E043C0C46D2E6614;AZALEE 455;26.1;455.14;2.3e-05;54000;1.299;15;455.14;0;54000.0;0;0;0;0.0;0;0;0;0;0;0.0738;0.0036;False;0.0;0.8;0.9;1;False;False;147900;2533.0;24.0;2581.0;18.0;2147.0;12.0;2147.0;6.0;0.0;;0.0;;0.0;;2147.0;1.0;1.5
199EDA7149E86614E043C0C46D2E6614;AZALEE 346;22.4;345.55;2.3e-05;59000;0.974;15;345.55;0;59000.0;0;0;0;0.0;0;0;0;0;0;0.0968;0.0036;False;0.0;0.8;0.9;1;False;False;111000;3109.0;18.0;3065.0;12.0;2614.0;6.0;0.0;;0.0;;0.0;;0.0;;2614.0;1.0;1.5
199EDA7149E76614E043C0C46D2E6614;AZALEE 261;19.6;261.68;2.3e-05;59000;0.737;15;261.68;0;59000.0;0;0;0;0.0;0;0;0;0;0;0.128;0.0036;False;0.0;0.8;0.9;1;False;False;84900;2343.0;18.0;2421.0;12.0;2001.0;6.0;0.0;;0.0;;0.0;;0.0;;2001.0;1.0;1.5
199EDA7149E66614E043C0C46D2E6614;AZALEE 177;16.5;177.47;2.3e-05;60000;0.502;15;177.47;0;60000.0;0;0;0;0.0;0;0;0;0;0;0.188;0.0036;False;0.0;0.8;0.9;1;False;False;56500;3065.0;12.0;2780.0;6.0;0.0;;0.0;;0.0;;0.0;;0.0;;2780.0;1.0;1.5
199EDA7149F96614E043C0C46D2E6614;CANNA 398;25.9;397.8;1.8e-05;75500;1.531;15;322.6;0;75500.0;0;0;0;75.3;0;0;0;0;0;0.09;0.004;False;11.1;0.8;0.9;1;False;True;134400;1720.0;18.0;1720.0;12.0;13978.0;6.0;0.0;;0.0;;0.0;;0.0;;13978.0;1.0;1.5
199EDA7149F86614E043C0C46D2E6614;CANNA 366;24.85;366.2;1.8e-05;75500;1.396;15;296.9;0;75500.0;0;0;0;69.3;0;0;0;0;0;0.098;0.004;False;10.65;0.8;0.9;1;False;True;123720;1584.0;18.0;1584.0;12.0;12867.0;6.0;0.0;;0.0;;0.0;;0.0;;12867.0;1.0;1.5
199EDA7149F76614E043C0C46D2E6614;CANNA 356;24.5;356.0;1.8e-05;75500;1.369;15;288.7;0;75500.0;0;0;0;67.3;0;0;0;0;0;0.101;0.004;False;10.5;0.8;0.9;1;False;True;121710;1587.0;18.0;1587.0;12.0;12507.0;6.0;0.0;;0.0;;0.0;;0.0;;12507.0;1.0;1.5
199EDA7149F66614E043C0C46D2E6614;CANNA 294;22.25;293.8;1.8e-05;75500;1.121;15;238.2;0;75500.0;0;0;0;55.6;0;0;0;0;0;0.122;0.004;False;9.54;0.8;0.9;1;False;True;100470;1310.0;18.0;1310.0;12.0;10325.0;6.0;0.0;;0.0;;0.0;;0.0;;10325.0;1.0;1.5
199EDA7149F56614E043C0C46D2E6614;CANNA 288;22.05;288.3;1.8e-05;75500;1.096;15;233.8;0;75500.0;0;0;0;54.55;0;0;0;0;0;0.124;0.004;False;9.45;0.8;0.9;1;False;True;98500;1286.0;18.0;1286.0;12.0;10131.0;6.0;0.0;;0.0;;0.0;;0.0;;10131.0;1.0;1.5
199EDA7149F46614E043C0C46D2E6614;CANNA 238;20.02;237.7;1.8e-05;75500;0.908;15;192.7;0;75500.0;0;0;0;45.0;0;0;0;0;0;0.151;0.004;False;8.58;0.8;0.9;1;False;True;84030;1092.0;18.0;1092.0;12.0;8673.0;6.0;0.0;;0.0;;0.0;;0.0;;8673.0;1.0;1.5
199EDA7149F36614E043C0C46D2E6614;CANNA 228;19.6;227.8;1.8e-05;75500;0.868;15;184.7;0;75500.0;0;0;0;43.1;0;0;0;0;0;0.157;0.004;False;8.4;0.8;0.9;1;False;True;80500;1047.0;18.0;1047.0;12.0;8313.0;6.0;0.0;;0.0;;0.0;;0.0;;8313.0;1.0;1.5
199EDA7149F26614E043C0C46D2E6614;CANNA 210;18.83;210.3;1.8e-05;75500;0.804;15;170.5;0;75500.0;0;0;0;39.8;0;0;0;0;0;0.17;0.004;False;8.07;0.8;0.9;1;False;True;74340;966.0;18.0;966.0;12.0;7672.0;6.0;0.0;;0.0;;0.0;;0.0;;7672.0;1.0;1.5
199EDA7149F16614E043C0C46D2E6614;CANNA 188,7;17.85;188.7;1.8e-05;75500;0.742;15;153.2;0;75500.0;0;0;0;35.8;0;0;0;0;0;0.19;0.004;False;7.65;0.8;0.9;1;False;True;66800;868.0;18.0;868.0;12.0;6895.0;6.0;0.0;;0.0;;0.0;;0.0;;6895.0;1.0;1.5
199EDA7149F06614E043C0C46D2E6614;CANNA 181,6;17.5;181.6;1.8e-05;75500;0.692;15;147.26;0;75500.0;0;0;0;34.36;0;0;0;0;0;0.197;0.004;False;7.5;0.8;0.9;1;False;True;64900;859.0;18.0;859.0;12.0;6627.0;6.0;0.0;;0.0;;0.0;;0.0;;6627.0;1.0;1.5
199EDA7149EE6614E043C0C46D2E6614;CANNA 147,1;15.75;147.1;1.4e-05;122000;0.824;15;71.6;0;122000.0;0;0;0;75.5;0;0;0;0;0;0.408;0.004;False;11.25;0.8;0.9;1;False;True;101270;716.0;18.0;5567.0;12.0;5567.0;6.0;0.0;;0.0;;0.0;;0.0;;5567.0;1.0;1.5
199EDA7149ED6614E043C0C46D2E6614;CANNA 116,2;14.0;116.2;1.8e-05;75500;0.442;15;94.2;0;75500.0;0;0;0;22.0;0;0;0;0;0;0.31;0.004;False;6.0;0.8;0.9;1;False;True;43150;581.0;18.0;581.0;12.0;4398.0;6.0;0.0;;0.0;;0.0;;0.0;;4398.0;1.0;1.5
199EDA7149EC6614E043C0C46D2E6614;CANNA 107,9;13.5;107.9;1.46e-05;114000;0.552;15;59.6;0;114000.0;0;0;0;48.3;0;0;0;0;0;0.49;0.004;False;9.0;0.8;0.9;1;False;True;80840;716.0;15.0;3563.0;12.0;3563.0;6.0;0.0;;0.0;;0.0;;0.0;;3563.0;1.0;1.5
199EDA7149FE6614E043C0C46D2E6614;CROCUS 1195;44.8;1195.3;1.8e-05;63000;4.701;15;967.5;0;63000.0;0;0;0;227.8;0;0;0;0;0;0.03;0.004;False;19.6;0.8;0.9;1;False;True;482540;1587.0;36.0;1587.0;30.0;1047.0;30.0;1047.0;24.0;10160.0;18.0;10160.0;12.0;10160.0;6.0;10160.0;1.0;1.5
13813296455320DCE043A3681E7C20DC;CROCUS 1185;44.7;1184.5;1.83e-05;63000;4.6;15;956.7;0;63000.0;0;0;0;227.8;0;0;0;0;0;0.0304;0.004;False;19.6;0.8;0.9;1;False;True;480500;1560.0;36.0;1560.0;30.0;1047.0;30.0;1047.0;24.0;10160.0;18.0;10160.0;12.0;10160.0;6.0;10160.0;1.0;1.5
13813296456020DCE043A3681E7C20DC;CROCUS 865;38.01;865.4;1.83e-05;66500;3.228;15;717.3;0;66500.0;0;0;0;148.1;0;0;0;0;0;0.0404;0.004;True;15.75;0.8;0.9;1;False;True;319000;1739.0;28.0;1739.0;22.0;1739.0;16.0;12469.0;12.0;12469.0;6.0;0.0;;0.0;;12469.0;1.0;1.5
A528921A268E4E1A94BA9FED88403223;CROCUS 617;32.3;616.8;1.84e-05;78000;2.36;15;512.0;0;;0;0;0;104.8;0;0;0;0;0;0.0572;0.004;True;13.25;0.8;0.9;1;False;True;218000;2259.0;20.0;909.0;24.0;909.0;18.0;9101.0;12.0;9101.0;6.0;0.0;;0.0;;9100.0;1.0;1.5
199EDA714A096614E043C0C46D2E6614;CROCUS 612 (62+19);32.2;610.2;1.83e-05;62000;2.341;15;505.4;0;62000.0;0;0;0;104.8;0;0;0;0;0;0.0571;0.004;True;13.25;0.8;0.9;1;False;True;231140;2259.0;20.0;903.0;24.0;9030.0;18.0;9101.0;12.0;9101.0;6.0;0.0;;0.0;;9101.0;1.0;1.5
2417310C7684B01AE043A3681CAFB01A;CROCUS 612 (66+19);32.03;612.6;1.83e-05;66500;2.276;15;507.83;0;66500.0;0;0;0;104.79;0;0;0;0;0;0.0571;0.004;True;13.25;0.8;0.9;1;False;True;231500;1270.0;28.0;1270.0;22.0;12700.0;16.0;9101.0;12.0;9101.0;6.0;0.0;;0.0;;9101.0;1.0;1.5
199EDA714A086614E043C0C46D2E6614;CROCUS 595;31.64;594.9;1.82e-05;67900;2.308;15;487.8;0;67900.0;0;0;0;107.1;0;0;0;0;0;0.06;0.004;True;13.44;0.8;0.9;1;False;True;235700;1720.0;23.0;973.0;24.0;9730.0;18.0;4922.0;18.0;4922.0;12.0;4922.0;6.0;0.0;;4922.0;1.0;1.5
199EDA714A076614E043C0C46D2E6614;CROCUS 592;31.7;592.2;1.82e-05;63500;2.297;15;487.3;0;63500.0;0;0;0;104.9;0;0;0;0;0;0.06;0.004;False;13.3;0.8;0.9;1;False;True;238200;859.0;35.0;859.0;29.0;6230.0;28.0;623.0;22.0;4820.0;18.0;4820.0;12.0;4820.0;6.0;4820.0;1.0;1.5
199EDA714A066614E043C0C46D2E6614;CROCUS 412;26.4;411.7;1.76e-05;72000;1.595;15;325.72;0;72000.0;0;0;0;85.95;0;0;0;0;0;0.089;0.004;False;12.0;0.8;0.9;1;False;True;173300;1629.0;19.0;1629.0;13.0;7464.0;12.0;7464.0;6.0;0.0;;0.0;;0.0;;7464.0;1.0;1.5
17D6CC17C0764B52B72180299D3BEB5A;OPPC CROCUS 412 FU 48;26.8;412.6;1.76e-05;80900;1.62;15;295.5;0;80900.0;0;0;0;77.6;0;0;0;0;0;0.089;0.004;False;12.0;0.8;0.9;1;False;True;173000;;;;;;;;;;;;;;;;;1.5
DB139EBD4F9211DB960B0002A5749A35;CROCUS 398;25.9;397.8;1.8e-05;75500;1.51;15;322.6;0;75500.0;0;0;0;75.3;0;0;0;0;0;0.09;0.004;False;11.1;0.8;0.9;1;False;True;152500;1720.0;18.0;1720.0;12.0;17203.0;6.0;0.0;;0.0;;0.0;;0.0;;17203.0;1.0;1.5
F95F9E1F53E040C889C6F9F0CBE23043;CROCUS 366;24.85;366.23;1.77e-05;80500;1.374;15;296.94;0;;0;0;0;69.29;0;0;0;0;0;0.098;0.004;False;10.65;0.8;0.9;1;False;True;140300;1584.0;18.0;1583.0;12.0;15836.0;6.0;0.0;;0.0;;0.0;;0.0;;15836.0;1.0;1.5
199EDA714A056614E043C0C46D2E6614;CROCUS 301;22.7;300.6;1.67e-05;79300;1.267;15;221.7;0;79300.0;0;0;0;78.9;0;0;0;0;0;0.131;0.004;False;11.5;0.8;0.9;1;False;True;148900;1047.0;21.0;1047.0;15.0;6855.0;12.0;6855.0;6.0;0.0;;0.0;;0.0;;6855.0;1.0;1.5
199EDA714A046614E043C0C46D2E6614;CROCUS 297;22.45;297.2;1.69e-05;79000;1.237;15;221.7;0;79000.0;0;0;0;75.5;0;0;0;0;0;0.131;0.004;False;11.25;0.8;0.9;1;False;True;147200;1047.0;21.0;1047.0;15.0;6759.0;12.0;6759.0;6.0;0.0;;0.0;;0.0;;6759.0;1.0;1.5
368B8126370A4E8588DC9D649F2F8BDD;CROCUS 294;22.25;293.8;1.8e-05;75500;1.121;15;238.2;0;75500.0;0;0;0;55.6;0;0;0;0;0;0.122;0.004;False;9.54;0.8;0.9;1;False;True;116000;1310.0;18.0;1310.0;12.0;12707.0;6.0;0.0;;0.0;;0.0;;0.0;;12707.0;1.0;1.5
199EDA714A036614E043C0C46D2E6614;CROCUS 288;22.05;288.3;1.8e-05;75500;1.084;15;233.79;0;75500.0;0;0;0;54.55;0;0;0;0;0;0.124;0.004;False;9.45;0.8;0.9;1;False;True;113800;1739.0;18.0;1286.0;12.0;12469.0;6.0;0.0;;0.0;;0.0;;0.0;;12469.0;1.0;1.5
9BEB9A5AFADF4E56859A802A7C8700E0;CROCUS 238;20.02;237.7;1.8e-05;75500;0.895;15;192.63;0;75500.0;0;0;0;44.94;0;0;0;0;0;0.151;0.004;False;8.58;0.8;0.9;1;False;True;96100;1092.0;18.0;1092.0;12.0;10600.0;6.0;0.0;;0.0;;0.0;;0.0;;10600.0;1.0;1.5
199EDA714A026614E043C0C46D2E6614;CROCUS 228;19.6;227.82;1.8e-05;75500;0.856;15;184.7;0;75500.0;0;0;0;43.1;0;0;0;0;0;0.157;0.004;False;8.4;0.8;0.9;1;False;True;92100;1047.0;18.0;1047.0;12.0;10160.0;6.0;0.0;;0.0;;0.0;;0.0;;10160.0;1.0;1.5
61BB2D8F31684B0C87B8645B2F796767;OPPC CROCUS 228 FU 48;20.2;232.1;1.8e-05;84500;0.908;15;181.9;0;84500.0;0;0;0;50.2;0;0;0;0;0;0.157;0.004;False;8.4;0.8;0.9;1;False;True;91000;;;;;;;;;;;;;;;;;1.5
BE504675CD1D4A7B9003003A0FA69FB1;CROCUS 210;18.8;210.3;1.8e-05;75500;0.792;15;171.7;0;75500.0;0;0;0;40.01;0;0;0;0;0;0.171;0.004;False;8.1;0.8;0.9;1;False;True;85000;973.0;18.0;973.0;12.0;9447.0;6.0;0.0;;0.0;;0.0;;0.0;;9447.0;1.0;1.5
663F3D41B949472BBA9E267AA80488EE;CROCUS 188;17.85;187.5;1.8e-05;75500;0.692;15;153.13;0;75500.0;0;0;0;35.73;0;0;0;0;0;0.185;0.004;False;7.65;0.8;0.9;1;False;True;76450;868.0;18.0;868.0;12.0;8426.0;6.0;0.0;;0.0;;0.0;;0.0;;8426.0;1.0;1.5
88679C6F3B07427DB1F80C56D1C16716;CROCUS 181,6 (18+19);17.5;181.6;1.4e-05;122000;1.019;15;88.4;0;122000.0;0;0;0;93.2;0;0;0;0;0;0.329;0.004;False;12.5;0.8;0.9;1;False;True;146970;859.0;18.0;8099.0;12.0;8099.0;6.0;0.0;;0.0;;0.0;;0.0;;8099.0;1.0;1.5
199EDA714A006614E043C0C46D2E6614;CROCUS 181,6 (30+7);17.5;181.62;1.8e-05;75500;0.683;15;147.26;0;75500.0;0;0;0;34.36;0;0;0;0;0;0.197;0.004;False;7.5;0.8;0.9;1;False;True;74200;859.0;18.0;859.0;12.0;8099.0;6.0;0.0;;0.0;;0.0;;0.0;;8099.0;1.0;1.5
199EDA7149FF6614E043C0C46D2E6614;CROCUS 147,1 (18+19);15.75;147.1;1.4e-05;122000;0.824;15;71.6;0;122000.0;0;0;0;75.5;0;0;0;0;0;0.408;0.004;False;11.25;0.8;0.9;1;False;True;122420;716.0;18.0;6759.0;12.0;6759.0;6.0;0.0;;0.0;;0.0;;0.0;;6759.0;1.0;1.5
79CC0501661949D0BA7D80D14901B5F0;OPPC CROCUS 147 FU 36;16.17;147.0;1.8e-05;82200;0.568;15;112.5;0;82200.0;0;0;0;31.9;0;0;0;0;0;0.243;0.004;False;6.75;0.8;0.9;1;False;True;61800;;;;;;;;;;;;;;;;;1.5
199EDA7149966614E043C0C46D2E6614;CROCUS 147,1 (30+7);15.75;147.1;1.8e-05;75000;0.553;15;119.3;0;75000.0;0;0;0;27.8;0;0;0;0;0;0.243;0.004;False;6.75;0.8;0.9;1;False;True;61800;716.0;18.0;716.0;12.0;6759.0;6.0;0.0;;0.0;;0.0;;0.0;;6759.0;1.0;1.5
199EDA7149FC6614E043C0C46D2E6614;CROCUS 116,2;14.0;116.2;1.8e-05;75500;0.437;15;94.2;0;75500.0;0;0;0;22.0;0;0;0;0;0;0.31;0.004;False;6.0;0.8;0.9;1;False;True;49300;581.0;18.0;581.0;12.0;5341.0;6.0;0.0;;0.0;;0.0;;0.0;;5341.0;1.0;1.5
199EDA7149FB6614E043C0C46D2E6614;CROCUS 107,9;13.5;107.9;1.46e-05;114000;0.56;15;59.6;0;114000.0;0;0;0;48.3;0;0;0;0;0;0.49;0.004;False;9.0;0.8;0.9;1;False;True;67300;716.0;15.0;4326.0;12.0;4326.0;6.0;0.0;;0.0;;0.0;;0.0;;4326.0;1.0;1.5
199EDA7149946614E043C0C46D2E6614;CUIVRE 143;15.5;149.39;1.7e-05;105000;1.305;15;149.39;0;105000.0;0;0;0;0.0;0;0;0;0;0;0.126;0.0039;False;0.0;0.8;0.9;1;False;False;61600;3020.0;12.0;3020.0;6.0;0.0;;0.0;;0.0;;0.0;;0.0;;3020.0;1.0;1.5
199EDA71498B6614E043C0C46D2E6614;CUIVRE 116;14.0;116.2;1.7e-05;105000;1.062;15;116.2;0;105000.0;0;0;0;0.0;0;0;0;0;0;0.156;0.0039;False;0.0;0.8;0.9;1;False;False;46500;1260.0;18.0;1260.0;12.0;1260.0;6.0;0.0;;0.0;;0.0;;0.0;;1260.0;1.0;1.5
199EDA7149896614E043C0C46D2E6614;CUIVRE 109;13.5;108.8;1.7e-05;105000;0.991;15;108.8;0;105000.0;0;0;0;0.0;0;0;0;0;0;0.166;0.0039;False;0.0;0.8;0.9;1;False;False;45000;2290.0;12.0;2290.0;6.0;0.0;;0.0;;0.0;;0.0;;0.0;;2290.0;1.0;1.5
199EDA7149866614E043C0C46D2E6614;CUIVRE 100;13.0;100.87;1.7e-05;105000;0.919;15;100.87;0;105000.0;0;0;0;0.0;0;0;0;0;0;0.178;0.0039;False;0.0;0.8;0.9;1;False;False;39100;2120.0;12.0;2120.0;6.0;0.0;;0.0;;0.0;;0.0;;0.0;;2120.0;1.0;1.5
199EDA7149CB6614E043C0C46D2E6614;CUIVRE 93;12.5;93.27;1.7e-05;105000;0.85;15;93.27;0;105000.0;0;0;0;0.0;0;0;0;0;0;0.193;0.0039;False;0.0;0.8;0.9;1;False;False;37800;1960.0;12.0;1960.0;6.0;0.0;;0.0;;0.0;;0.0;;0.0;;1960.0;1.0;1.5
199EDA7149C26614E043C0C46D2E6614;CUIVRE 75;11.25;75.5;1.7e-05;105000;0.688;15;75.5;0;105000.0;0;0;0;0.0;0;0;0;0;0;0.239;0.0039;False;0.0;0.8;0.9;1;False;False;30600;1630.0;12.0;1630.0;6.0;0.0;;0.0;;0.0;;0.0;;0.0;;1630.0;1.0;1.5
199EDA7149C06614E043C0C46D2E6614;CUIVRE 74;11.2;74.39;1.7e-05;105000;0.68;15;74.39;0;105000.0;0;0;0;0.0;0;0;0;0;0;0.243;0.0039;False;0.0;0.8;0.9;1;False;False;29700;804.0;18.0;804.0;12.0;804.0;6.0;0.0;;0.0;;0.0;;0.0;;804.0;1.0;1.5
199EDA7149B86614E043C0C46D2E6614;CUIVRE 54;9.5;53.87;1.7e-05;105000;0.491;15;53.87;0;105000.0;0;0;0;0.0;0;0;0;0;0;0.334;0.0039;False;0.0;0.8;0.9;1;False;False;22050;1162.0;12.0;1162.0;6.0;0.0;;0.0;;0.0;;0.0;;0.0;;1162.0;1.0;1.5
2417310C7674B01AE043A3681CAFB01A;CUIVRE 50;9.0;49.48;1.7e-05;105000;0.449;15;49.48;0;105000.0;0;0;0;0.0;0;0;0;0;0;0.362;0.0039;False;0.0;0.8;0.9;1;False;False;19800;2898.0;6.0;0.0;;0.0;;0.0;;0.0;;0.0;;0.0;;2898.0;1.0;1.5
199EDA7149B36614E043C0C46D2E6614;CUIVRE 48;9.0;48.35;1.7e-05;105000;0.44;15;48.35;0;105000.0;0;0;0;0.0;0;0;0;0;0;0.373;0.0039;False;0.0;0.8;0.9;1;False;False;19800;1043.0;12.0;1043.0;6.0;0.0;;0.0;;0.0;;0.0;;0.0;;1043.0;1.0;1.5
199EDA714A0A6614E043C0C46D2E6614;LANTANA 215;24.0;215.0;1.445e-05;125000;1.372;15;115.0;0;125000.0;0;0;0;100.0;0;0;0;0;0;0.26;0.00036;False;15.3;0.8;0.9;1;False;True;151370;1021.0;23.0;5341.0;20.0;;;;;;;;;;;0.0;0.0;1.5
199EDA714A0B6614E043C0C46D2E6614;LIS 155;18.0;155.0;1.52e-05;119000;0.866;15;90.0;0;119000.0;0;0;0;149.41;0;0;0;0;0;0.37;0.00036;False;10.6;0.8;0.9;1;False;True;103550;1021.0;18.0;5341.0;13.0;;;;;;;;;;;0.0;0.0;1.5
88F97BA3CE514CA19B4D8588F4D39831;NARCISSE 1317 R;44.0;1317.0;1.74e-05;77530;5.0;15;1049.4;0;27300.0;-64720;65990;-24120;268.56;0;35690;0;0;0;0.02719;0.004;True;21.2;0.8;0.9;1;True;True;534530;;20.0;;16.0;;12.0;11613.0;18.0;11613.0;12.0;11613.0;6.0;;;;;1.5
ED8A062C1AD64825AF9B639085773986;NARCISSE 1317 G;44.0;1317.0;1.74e-05;77530;5.1;15;1049.4;0;27300.0;-64720;65990;-24120;268.56;0;35690;0;0;0;0.02719;0.004;False;21.2;0.8;0.9;1;True;True;534530;;20.0;;16.0;;12.0;11613.0;18.0;11613.0;12.0;11613.0;6.0;;;;;1.5
486ACE4BEC5747B3A1C7CB5D7A4F78D3;NARCISSE 883 R;36.0;883.0;1.76e-05;76370;3.332;15;711.4;0;27600.0;-65420;66700;-24380;172.5;0;34190;0;0;0;0.03943;0.004;False;17.0;0.8;0.9;1;True;True;342700;;17.0;;12.0;14527.0;12.0;14527.0;6.0;;;;;;;;;1.5
252707B9573C4EAD82B96963519036E1;NARCISSE 883 G;36.0;883.0;1.75e-05;76640;3.37;15;711.4;0;27600.0;-65420;66700;-24380;172.5;0;34190;0;0;0;0.03943;0.004;False;17.0;0.8;0.9;1;True;True;342700;;17.0;;12.0;14527.0;12.0;14527.0;6.0;;;;;;;;;1.5
C48DC115291C4BD6A7F7B8856D928B86;NARCISSE 687 R;31.8;686.9;1.71e-05;79660;2.67;15;535.99;0;26760.0;-63440;64690;-23640;150.9;0;38440;0;0;0;0.05326;0.004;False;15.9;0.8;0.9;1;True;True;393420;;16.0;;12.0;12708.0;12.0;12708.0;6.0;;;;;;;;;1.5
CE8C0FB166B9494692F9F6FFE9C4A5F1;NARCISSE 687 G;31.8;686.9;1.71e-05;79660;2.71;15;535.99;0;26760.0;-63440;64690;-23640;150.9;0;38440;0;0;0;0.05326;0.004;False;15.9;0.8;0.9;1;True;True;393420;;16.0;;12.0;12708.0;12.0;12708.0;6.0;;;;;;;;;1.5
6CBBDB128C2143D5B3188EDB91E58564;NARCISSE 573 R;29.0;573.42;1.75e-05;76770;2.16;15;460.71;0;27500.0;-65180;66460;-24290;113.67;0;34700;0;0;0;0.0621;0.004;False;13.8;0.8;0.9;1;True;True;228790;;16.0;;12.0;9872.0;12.0;9872.0;6.0;;;;;;;;;1.5
9B33EB83B8C44454848ED2FEBD75EB7A;NARCISSE 573 G;29.0;573.42;1.75e-05;76770;2.2;15;460.71;0;27500.0;-65180;66460;-24290;113.67;0;34700;0;0;0;0.0621;0.004;False;13.8;0.8;0.9;1;True;True;228790;;16.0;;12.0;9872.0;12.0;9872.0;6.0;;;;;;;;;1.5
48E4612440734F318A68D9888CDD760F;NARCISSE 471 R;26.4;470.92;1.67e-05;83550;1.899;15;353.92;0;25780.0;-61100;62300;-22770;116.99;0;43480;0;0;0;0.0808;0.004;False;14.0;0.8;0.9;1;True;True;229810;;16.0;;12.0;10160.0;12.0;10160.0;6.0;;;;;;;;;1.5
74ABC269BE4344FCAFFBAAF0943E15CA;NARCISSE 471 G;26.4;470.92;1.67e-05;83550;1.93;15;353.92;0;25780.0;-61100;62300;-22770;116.99;0;43480;0;0;0;0.0808;0.004;False;14.0;0.8;0.9;1;True;True;229810;;16.0;;12.0;10160.0;12.0;10160.0;6.0;;;;;;;;;1.5
CBC85B24D84A4CE5B5DA03832F465F11;NARCISSE 237,6 R;18.6;237.6;1.78e-05;74660;0.875;15;194.2;0;28030.0;-66450;67760;-24770;43.41;0;31970;0;0;0;0.1446;0.004;False;8.46;0.8;0.9;1;True;True;89000;;11.0;;7.0;10233.0;6.0;;;;;;;;;;;1.5
4E80D1CF2FCD4389A22D61E5442C69DC;NARCISSE 237,6 G;18.6;237.6;1.78e-05;74660;0.886;15;194.2;0;28030.0;-66450;67760;-24770;43.41;0;31970;0;0;0;0.1446;0.004;False;8.46;0.8;0.9;1;True;True;89000;;11.0;;7.0;10233.0;6.0;;;;;;;;;;;1.5
199EDA714A216614E043C0C46D2E6614;PASTEL 933;40.1;933.11;1.525e-05;110000;4.59;15;557.49;0;110000.0;0;0;0;375.61;0;0;0;0;0;0.0603;0.0036;False;25.2;0.8;0.9;1;False;True;707400;3958.0;27.0;2533.0;28.0;10160.0;24.0;10160.0;18.0;10160.0;12.0;10160.0;6.0;0.0;;10160.0;1.0;1.5
199EDA714A206614E043C0C46D2E6614;PASTEL 412;26.4;411.67;1.78e-05;82000;1.594;15;325.72;0;82000.0;0;0;0;85.95;0;0;0;0;0;0.103;0.0036;False;12.0;0.8;0.9;1;False;True;223800;3206.0;19.0;3206.0;13.0;7464.0;12.0;7464.0;6.0;0.0;;0.0;;0.0;;7464.0;1.0;1.5
DC129C1FA63342AFA63E851AE7D4B0F1;OPPC PASTEL 412 FU 48;26.7;417.98;1.78e-05;86100;1.64;15;321.7;0;86100.0;0;0;0;96.3;0;0;0;0;0;0.099;0.0036;False;12.0;0.8;0.9;1;False;True;224000;;;;;;;;;;;;;;;;;1.5
199EDA714A1F6614E043C0C46D2E6614;PASTEL 366;24.85;366.23;1.81e-05;84000;1.365;15;296.94;0;84000.0;0;0;0;69.29;0;0;0;0;0;0.112;0.0036;False;10.65;0.8;0.9;1;False;True;186360;3118.0;18.0;3118.0;12.0;15837.0;6.0;0.0;;0.0;;0.0;;0.0;;15837.0;1.0;1.5
199EDA714A1E6614E043C0C46D2E6614;PASTEL 299;22.5;299.44;1.63e-05;96400;1.323;15;206.17;0;96500.0;0;0;0;93.27;0;0;0;0;0;0.162;0.0036;False;12.5;0.8;0.9;1;False;True;198500;1595.0;24.0;1595.0;18.0;8099.0;12.0;8099.0;6.0;0.0;;0.0;;0.0;;8099.0;1.0;1.5
ECE58963983C49BBA167363BF9FD4DDA;OPPC PASTEL 299 FU 48;22.5;299.44;1.63e-05;28900;1.32;15;;0;28900.0;0;0;0;;0;0;0;0;0;0.162;0.0036;False;12.5;0.8;0.9;1;False;True;199000;;;;;;;;;;;;;;;;;1.5
199EDA714A1D6614E043C0C46D2E6614;PASTEL 288;22.05;288.35;1.81e-05;84000;1.083;15;233.8;0;84000.0;0;0;0;54.55;0;0;0;0;0;0.142;0.0036;False;9.45;0.8;0.9;1;False;True;151300;2533.0;18.0;2533.0;12.0;12469.0;6.0;0.0;;0.0;;0.0;;0.0;;12469.0;1.0;1.5
74C683F098B14B0CB38EEF8DCFC1BDAE;OPPC PASTEL 288 FU 48;22.75;299.74;1.83e-05;80000;1.15;15;242.3;0;80000.0;0;0;0;57.4;0;0;0;0;0;0.136;0.0036;False;9.45;0.8;0.9;1;False;True;155000;;;;;;;;;;;;;;;;;1.5
199EDA714A1C6614E043C0C46D2E6614;PASTEL 228;19.6;227.82;1.81e-05;84000;0.856;15;184.72;0;84000.0;0;0;0;43.1;0;0;0;0;0;0.18;0.0036;False;8.4;0.8;0.9;1;False;True;120800;2001.0;18.0;2001.0;12.0;10160.0;6.0;0.0;;0.0;;0.0;;0.0;;10160.0;1.0;1.5
54D50C56F0E548B18B30F672E62075F6;OPPC PASTEL 228 FU 48;19.6;227.82;1.81e-05;86500;0.894;15;174.7;0;86500.0;0;0;0;53.2;0;0;0;0;0;0.18;0.0036;False;8.4;0.8;0.9;1;False;True;121000;;;;;;;;;;;;;;;;;1.5
199EDA714A1B6614E043C0C46D2E6614;PASTEL 181,6;17.5;181.62;1.81e-05;84000;0.689;15;147.26;0;84000.0;0;0;0;34.36;0;0;0;0;0;0.226;0.0036;False;7.5;0.8;0.9;1;False;True;96300;1595.0;18.0;1595.0;12.0;8099.0;6.0;0.0;;0.0;;0.0;;0.0;;8099.0;1.0;1.5
199EDA714A1A6614E043C0C46D2E6614;PASTEL 147,1;15.75;147.11;1.81e-05;84000;0.561;15;119.28;0;84000.0;0;0;0;27.83;0;0;0;0;0;0.279;0.0036;False;6.75;0.8;0.9;1;False;True;79100;1292.0;18.0;1292.0;12.0;6759.0;6.0;0.0;;0.0;;0.0;;0.0;;6759.0;1.0;1.5
199EDA714A256614E043C0C46D2E6614;PETUNIA 865;38.1;865.39;1.85e-05;77500;3.251;15;717.33;0;77500.0;0;0;0;148.06;0;0;0;0;0;0.0465;0.0036;True;15.75;0.8;0.9;1;False;True;430300;3424.0;28.0;3424.0;22.0;3424.0;16.0;12469.0;12.0;12469.0;6.0;0.0;;0.0;;12469.0;1.0;1.5
199EDA714A246614E043C0C46D2E6614;PETUNIA 612 (62+19);32.17;611.89;1.86e-05;73500;2.311;15;;0;73500.0;0;0;0;;0;0;0;0;0;;0.0036;True;;0.8;0.9;1;False;False;326900;;;;;;;;;;;;;;;;;1.5
8E2CDA2FE821478789708361A61B02AA;PETUNIA 612 (66+19) RUGOSITE MODIFIEE;32.1;612.63;1.86e-05;77500;2.274;15;507.83;0;77500.0;0;0;0;104.79;0;0;0;0;0;0.0657;0.0036;True;13.25;0.8;0.9;1;False;True;312600;2501.0;28.0;2501.0;22.0;2501.0;16.0;9101.0;12.0;9101.0;6.0;0.0;;0.0;;9101.0;1.0;1.5
199EDA714A236614E043C0C46D2E6614;PETUNIA 612 (66+19);32.1;612.63;1.86e-05;77500;2.274;15;507.83;0;77500.0;0;0;0;104.79;0;0;0;0;0;0.0657;0.0036;True;13.25;0.8;0.9;1;False;True;312600;2501.0;28.0;2501.0;22.0;2501.0;16.0;9101.0;12.0;9101.0;6.0;0.0;;0.0;;9101.0;1.0;1.5
0F307E8376314617B2D8840533D4AC5D;OPPC PETUNIA 612 FU 48;32.1;621.5;1.86e-05;76500;2.8;15;488.6;0;76500.0;0;0;0;132.9;0;0;0;0;0;0.0657;0.0036;True;13.25;0.8;0.9;1;False;True;312000;;;;;;;;;;;;;;;;;1.5
199EDA714A226614E043C0C46D2E6614;PETUNIA 595;31.6;594.9;1.84e-05;69200;2.21;15;488.0;0;69200.0;0;0;0;107.0;0;0;0;0;0;0.0687;0.0036;True;13.44;0.8;0.9;1;False;True;311390;3387.0;23.0;1861.0;24.0;1861.0;18.0;4922.0;18.0;4922.0;12.0;4922.0;6.0;0.0;;4922.0;1.0;1.5
199EDA714A2C6614E043C0C46D2E6614;PHLOX 475;28.35;475.37;1.35e-05;136000;2.84;15;187.03;0;136000.0;0;0;0;288.34;0;0;0;0;0;0.178;0.0036;False;22.05;0.8;0.9;1;False;True;458700;2533.0;24.0;12469.0;18.0;12469.0;12.0;12469.0;6.0;0.0;;0.0;;0.0;;12469.0;1.0;1.5
199EDA714A2B6614E043C0C46D2E6614;PHLOX 376;25.2;375.61;1.35e-05;130000;2.236;15;147.78;0;130000.0;0;0;0;227.83;0;0;0;0;0;0.226;0.0036;False;19.6;0.8;0.9;1;False;True;369300;2001.0;24.0;10160.0;18.0;10160.0;12.0;10160.0;6.0;0.0;;0.0;;0.0;;10160.0;1.0;1.5
199EDA714A2A6614E043C0C46D2E6614;PHLOX 288;22.05;288.35;1.42e-05;124000;1.575;15;140.28;0;124000.0;0;0;0;148.07;0;0;0;0;0;0.238;0.0036;False;15.75;0.8;0.9;1;False;True;249900;2533.0;18.0;12469.0;12.0;12469.0;6.0;0.0;;0.0;;0.0;;0.0;;12469.0;1.0;1.5
199EDA714A296614E043C0C46D2E6614;PHLOX 228;19.6;227.82;1.42e-05;124000;1.246;15;110.83;0;124000.0;0;0;0;116.99;0;0;0;0;0;0.3;0.0036;False;14.0;0.8;0.9;1;False;True;201000;2001.0;18.0;10160.0;12.0;10160.0;6.0;0.0;;0.0;;0.0;;0.0;;10160.0;1.0;1.5
199EDA714A286614E043C0C46D2E6614;PHLOX 181,6;17.5;181.63;1.42e-05;124000;0.992;15;88.36;0;124000.0;0;0;0;93.27;0;0;0;0;0;0.378;0.0036;False;12.5;0.8;0.9;1;False;True;160200;1595.0;18.0;8099.0;12.0;8099.0;6.0;0.0;;0.0;;0.0;;0.0;;8099.0;1.0;1.5
199EDA714A276614E043C0C46D2E6614;PHLOX 147,1;15.75;147.11;1.42e-05;124000;0.804;15;71.57;0;124000.0;0;0;0;75.54;0;0;0;0;0;0.467;0.0036;False;11.25;0.8;0.9;1;False;True;132800;1292.0;18.0;6759.0;12.0;6759.0;6.0;0.0;;0.0;;0.0;;0.0;;6759.0;1.0;1.5
199EDA714A266614E043C0C46D2E6614;PHLOX 116,2;14.0;116.24;1.42e-05;124000;0.634;15;56.55;0;124000.0;0;0;0;59.69;0;0;0;0;0;0.59;0.0036;False;10.0;0.8;0.9;1;False;True;104900;1021.0;18.0;5341.0;12.0;5341.0;6.0;0.0;;0.0;;0.0;;0.0;;5341.0;1.0;1.5
199EDA714A2E6614E043C0C46D2E6614;PHLOX 94,1;12.6;94.07;1.47e-05;112000;0.488;15;51.95;0;112000.0;0;0;0;42.12;0;0;0;0;0;0.642;0.0036;False;8.4;0.8;0.9;1;False;True;77950;1126.0;15.0;3768.0;12.0;3768.0;6.0;0.0;;0.0;;0.0;;0.0;;3768.0;1.0;1.5
199EDA714A2D6614E043C0C46D2E6614;PHLOX 59,7;10.0;59.69;1.53e-05;108000;0.28;15;37.7;0;108000.0;0;0;0;21.99;0;0;0;0;0;0.882;0.0036;False;6.0;0.8;0.9;1;False;True;44150;1021.0;12.0;5341.0;6.0;0.0;;0.0;;0.0;;0.0;;0.0;;5341.0;1.0;1.5
199EDA7149B46614E043C0C46D2E6614;PHLOX 52,4;9.4;52.4;1.59e-05;102000;0.238;15;34.6;0;102000.0;0;0;0;17.8;0;0;0;0;0;0.958;0.0036;False;5.4;0.8;0.9;1;False;True;37060;1021.0;11.0;4325.0;6.0;0.0;;0.0;;0.0;;0.0;;0.0;;4326.0;1.0;1.5
199EDA714A2F6614E043C0C46D2E6614;POLYGONUM 1195;44.8;1195.33;1.81e-05;84000;4.644;15;967.5;0;84000.0;0;0;0;227.83;0;0;0;0;0;0.0345;0.0036;False;19.6;0.8;0.9;1;False;True;635680;3127.0;36.0;3127.0;30.0;2001.0;30.0;2001.0;24.0;10160.0;18.0;10160.0;12.0;10160.0;6.0;10160.0;1.0;1.5
43AFFE18544E11DB81AB0002A5749A39;POLYGONUM 1185;44.7;1184.49;1.81e-05;75500;4.559;15;956.66;0;75500.0;0;0;0;227.82;0;0;0;0;0;0.0349;0.0036;False;19.6;0.8;0.9;1;False;True;632100;3073.0;36.0;3073.0;30.0;2001.0;30.0;2001.0;24.0;10160.0;18.0;10160.0;12.0;10160.0;6.0;10160.0;1.0;1.5
E420DA703E9E42B983DEC96F803B5342;THYM 325 FU 48;23.8;324.6;1.3e-05;52500;2.24;15;324.6;0;52500.0;0;0;0;0.0;0;0;0;0;0;0.27;0.0045;False;23.8;0.8;0.9;1;False;False;418000;;;;;;;;;;;;;;;;;1.5
199EDA714A4B6614E043C0C46D2E6614;THYM 268 C;23.6;267.5;1.45e-05;32100;1.67;15;149.3;0;32100.0;0;0;0;150.6;0;0;0;0;0;0.24;0.0036;False;14.0;0.8;0.9;1;False;False;235000;2001.0;22.0;5341.0;24.0;5341.0;18.0;;;;;;;;;0.0;0.0;1.5
2417310C769BB01AE043A3681CAFB01A;THYM 268 Q;23.6;267.5;1.45e-05;32100;1.67;15;149.3;0;32100.0;0;0;0;150.6;0;0;0;0;0;0.24;0.0036;False;14.0;0.8;0.9;1;False;False;235000;2001.0;22.0;5341.0;24.0;5341.0;18.0;;;;;;;;;0.0;0.0;1.5
199EDA714A4E6614E043C0C46D2E6614;THYM 268 F;23.6;267.5;1.45e-05;32100;1.67;15;149.3;0;32100.0;0;0;0;150.6;0;0;0;0;0;0.24;0.0036;False;14.0;0.8;0.9;1;False;False;235000;2001.0;22.0;5341.0;24.0;5341.0;18.0;;;;;;;;;0.0;0.0;1.5
199EDA714A466614E043C0C46D2E6614;THYM 268 FU 12;23.6;267.5;1.45e-05;32100;1.67;15;149.3;0;32100.0;0;0;0;150.6;0;0;0;0;0;0.24;0.0036;False;14.0;0.8;0.9;1;False;False;235000;2001.0;22.0;5341.0;24.0;5341.0;18.0;;;;;;;;;0.0;0.0;1.5
199EDA714A476614E043C0C46D2E6614;THYM 268 FU 36;23.6;267.5;1.45e-05;32100;1.67;15;149.3;0;32100.0;0;0;0;150.6;0;0;0;0;0;0.24;0.0036;False;14.0;0.8;0.9;1;False;False;235000;2001.0;22.0;5341.0;24.0;5341.0;18.0;;;;;;;;;0.0;0.0;1.5
2417310C7699B01AE043A3681CAFB01A;THYM 268 FU 48;23.6;267.5;1.45e-05;32100;1.67;15;149.3;0;32100.0;0;0;0;150.6;0;0;0;0;0;0.24;0.0036;False;14.0;0.8;0.9;1;False;False;235000;2001.0;22.0;5341.0;24.0;5341.0;18.0;;;;;;;;;0.0;0.0;1.5
03197AE4B0314B19A0D650D6CFE5DD76;THYM 228 FU 48;20.2;226.4;1.43e-05;26300;1.29;15;112.9;0;26300.0;0;0;0;113.5;0;0;0;0;0;0.3;0.0036;False;14.9;0.8;0.9;1;False;False;196000;;;;;;;;;;;;;;;;;1.5
199EDA714A356614E043C0C46D2E6614;THYM 157 C;19.2;157.4;1.58e-05;16100;0.95;15;129.2;0;16100.0;0;0;0;60.2;0;0;0;0;0;0.33;0.0036;False;12.0;0.8;0.9;1;False;False;114000;1726.0;19.0;5341.0;18.0;;;;;;;;;;;0.0;0.0;1.5
199EDA714A366614E043C0C46D2E6614;THYM 157 Q;19.2;157.4;1.58e-05;16100;0.95;15;129.2;0;16100.0;0;0;0;60.2;0;0;0;0;0;0.33;0.0036;False;12.0;0.8;0.9;1;False;False;114000;1726.0;19.0;5341.0;18.0;;;;;;;;;;;0.0;0.0;1.5
1FC39A270DD4440887464DEF524CE5E6;THYM 157 FU 96;19.2;157.4;1.58e-05;16100;0.95;15;129.2;0;16100.0;0;0;0;60.2;0;0;0;0;0;0.33;0.0036;False;12.0;0.8;0.9;1;False;False;114000;1726.0;19.0;5341.0;18.0;;;;;;;;;;;0.0;0.0;1.5
199EDA714A3F6614E043C0C46D2E6614;THYM 157 FU 36;19.2;157.4;1.58e-05;16100;0.95;15;129.2;0;16100.0;0;0;0;60.2;0;0;0;0;0;0.33;0.0036;False;12.0;0.8;0.9;1;False;False;114000;1726.0;19.0;5341.0;18.0;;;;;;;;;;;0.0;0.0;1.5
199EDA714A406614E043C0C46D2E6614;THYM 157 FU 4;19.2;157.4;1.58e-05;16100;0.95;15;129.2;0;16100.0;0;0;0;60.2;0;0;0;0;0;0.33;0.0036;False;12.0;0.8;0.9;1;False;False;114000;1726.0;19.0;5341.0;18.0;;;;;;;;;;;0.0;0.0;1.5
199EDA714A3D6614E043C0C46D2E6614;THYM 157 FM 4;19.2;157.4;1.58e-05;16100;0.95;15;129.2;0;16100.0;0;0;0;60.2;0;0;0;0;0;0.33;0.0036;False;12.0;0.8;0.9;1;False;False;114000;1726.0;19.0;5341.0;18.0;;;;;;;;;;;0.0;0.0;1.5
199EDA714A3E6614E043C0C46D2E6614;THYM 157 FU 12;19.2;157.4;1.58e-05;16100;0.95;15;129.2;0;16100.0;0;0;0;60.2;0;0;0;0;0;0.33;0.0036;False;12.0;0.8;0.9;1;False;False;114000;1726.0;19.0;5341.0;18.0;;;;;;;;;;;0.0;0.0;1.5
199EDA714A4D6614E043C0C46D2E6614;THYM 157 F;19.2;157.4;1.58e-05;16100;0.95;15;129.2;0;16100.0;0;0;0;60.2;0;0;0;0;0;0.33;0.0036;False;12.0;0.8;0.9;1;False;False;114000;1726.0;19.0;5341.0;18.0;;;;;;;;;;;0.0;0.0;1.5
199EDA714A416614E043C0C46D2E6614;THYM 157 FU 48;19.2;157.4;1.58e-05;16100;0.95;15;129.2;0;16100.0;0;0;0;60.2;0;0;0;0;0;0.33;0.0036;False;12.0;0.8;0.9;1;False;False;114000;1726.0;19.0;5341.0;18.0;;;;;;;;;;;0.0;0.0;1.5
2417310C768BB01AE043A3681CAFB01A;THYM 107 FU 8;15.4;107.0;1.55e-05;11900;0.67;15;77.5;0;11900.0;0;0;0;51.6;0;0;0;0;0;0.53;0.0036;False;12.0;0.8;0.9;1;False;False;84000;1021.0;20.0;5341.0;14.0;;;;;;;;;;;0.0;0.0;1.5
199EDA714A386614E043C0C46D2E6614;THYM 107 FU 36;15.4;107.0;1.55e-05;11900;0.67;15;77.5;0;11900.0;0;0;0;51.6;0;0;0;0;0;0.53;0.0036;False;12.0;0.8;0.9;1;False;False;84000;1021.0;20.0;5341.0;14.0;;;;;;;;;;;0.0;0.0;1.5
5E0D39EA3F904053873C7C2385CDA413;THYM 107 FU 48;15.4;107.0;1.55e-05;11900;0.67;15;77.5;0;11900.0;0;0;0;51.6;0;0;0;0;0;0.53;0.0036;False;12.0;0.8;0.9;1;False;False;84000;1021.0;20.0;5341.0;14.0;;;;;;;;;;;0.0;0.0;1.5
943544F0446D42F38D395A047A4A2B7A;THYM 94 FU 48;13.2;94.0;1.51e-05;10500;0.49;15;56.2;0;10500.0;0;0;0;37.4;0;0;0;0;0;0.64;0.0036;False;8.9;0.8;0.9;1;False;False;77900;;;;;;;;;;;;;;;;;1.5
E89715A3C45A412F96519E718CCA925F;THYM 84 FU 36;13.0;84.0;1.61e-05;7800;0.41;15;58.9;0;7800.0;0;0;0;24.9;0;0;0;0;0;0.56;0.0036;False;7.6;0.8;0.9;1;False;False;54300;;;;;;;;;;;;;;;;;1.5
