maintenance_center;regional_team;maintenance_team;maintenance_center_id;regional_team_id;maintenance_team_id
Ile-de-France;Paris;Paris;04a27836-4002-486d-86c0-a39bde57da9a;a703f504-dd7b-4276-b989-eecf226c6861;39a314d2-5af9-4db9-9e39-67f4b3f1a072
Ile-de-France;Hauts-de-Seine;Boulogne-Billancourt;9d8050b4-5b8b-4c47-a7ff-17739f9be7c0;e10233b0-4867-401a-a5de-73914095655e;067932eb-fcf1-4ab9-8b98-7385010854d6
Ile-de-France;Seine-Saint-Denis;Saint-Denis;9f6eba5a-95b2-431e-8a99-59587599a6dc;6b4bd598-91d9-4c0c-902a-c36c52feda8e;f011c50a-7a88-4473-8f22-a4f6cdceca1e
Auvergne-Rhone-Alpes;Rhone;Lyon;0c4bc56d-6fd1-494a-b211-13598f78f48c;d249110a-56d1-45ad-a034-4640773bcca3;7dc7028a-2f71-468f-b6c8-7aae252d2061
Auvergne-Rhone-Alpes;Isère;Grenoble;bd9b6dc0-78eb-4950-bf7b-4a5f71342556;b4044d8b-43ce-4a66-b827-75940665aae0;6c0502e0-0cf1-4005-8e41-f38da5ba7e94
Auvergne-Rhone-Alpes;Haute-Savoie;Annecy;5317e64b-fcd1-414f-ad24-fb75252576e6;1b752596-da9d-4796-8b1b-4e3605ee1608;bb3551e4-89af-48d4-90b5-f8e5e711faf8
Provence-Alpes-Cote d'Azur;Bouches-du-Rhone;Marseille;e734495b-e490-47f3-8953-42db81d87600;458f4097-dcec-4919-8683-da9be2de7b8e;1cebef6a-16c3-4862-bb28-b7b2cbb17f5f
Provence-Alpes-Cote d'Azur;Var;Toulon;a5a94e94-23ae-474c-9019-cfe6818306dd;7f69838d-77e4-4dba-83b6-5e7810fc7b66;eb764b51-c007-44da-ae01-7e82aca5b027
Provence-Alpes-Cote d'Azur;Alpes-Maritimes;Nice;8ef427fc-70f5-4250-9739-0ce6dfb05026;b5a2f373-a0f5-4a12-9e51-70fd9476b23d;8d6b1d8b-f95c-4a4c-b38d-44a0d621e594
